condition,ndcg@5,mrr,p@3,n_users
Full model,0.9588282011243356,1.0,0.33333333333333326,500
No budget,0.9588282011243356,1.0,0.33333333333333326,500
No climate,0.9588282011243356,1.0,0.33333333333333326,500
No activity,0.9588282011243356,1.0,0.33333333333333326,500
No attraction,0.9588282011243356,1.0,0.33333333333333326,500
No visual,1.0,1.0,0.33333333333333326,500
