metric,v1,v2,change_pct
ndcg@5,1.0,0.9588282011243356,-4.117179887154718
mrr,1.0,1.0,0.0
p@3,0.33333333333333326,0.33333333333333326,0.0
